1712757600,1718805600,11/4/2024,20/6/2024,1/1/2024
1712844000,1718892000,12/4/2024,21/6/2024,2/1/2024
1712930400,1718978400,13/4/2024,22/6/2024,3/1/2024
1713016800,1719064800,14/4/2024,23/6/2024,4/1/2024
1713103200,1719151200,15/4/2024,24/6/2024,5/1/2024
1713189600,1719237600,16/4/2024,25/6/2024,6/1/2024
1713276000,1719324000,17/4/2024,26/6/2024,7/1/2024
1713362400,1719410400,18/4/2024,27/6/2024,8/1/2024
1713448800,1719496800,19/4/2024,28/6/2024,9/1/2024
1713535200,1719583200,20/4/2024,29/6/2024,10/1/2024
1713621600,1719669600,21/4/2024,30/6/2024,11/1/2024
1713708000,1719756000,22/4/2024,1/7/2024,12/1/2024
1713794400,1719842400,23/4/2024,2/7/2024,13/1/2024
1713880800,1719928800,24/4/2024,3/7/2024,14/1/2024
1713967200,1720015200,25/4/2024,4/7/2024,15/1/2024
1714053600,1720101600,26/4/2024,5/7/2024,16/1/2024
1714140000,1720188000,27/4/2024,6/7/2024,17/1/2024
1714226400,1720274400,28/4/2024,7/7/2024,18/1/2024
1714312800,1720360800,29/4/2024,8/7/2024,19/1/2024
1714399200,1720447200,30/4/2024,9/7/2024,20/1/2024
1714485600,1720533600,1/5/2024,10/7/2024,21/1/2024
1714572000,1720620000,2/5/2024,11/7/2024,22/1/2024
1714658400,1720706400,3/5/2024,12/7/2024,23/1/2024
1714744800,1720792800,4/5/2024,13/7/2024,24/1/2024
1714831200,1720879200,5/5/2024,14/7/2024,25/1/2024
1714917600,1720965600,6/5/2024,15/7/2024,26/1/2024
1715004000,1721052000,7/5/2024,16/7/2024,27/1/2024
1715090400,1721138400,8/5/2024,17/7/2024,28/1/2024
1715176800,1721224800,9/5/2024,18/7/2024,29/1/2024
1715263200,1721311200,10/5/2024,19/7/2024,30/1/2024
1715349600,1721397600,11/5/2024,20/7/2024,31/1/2024
1715436000,1721484000,12/5/2024,21/7/2024,1/2/2024
1715522400,1721570400,13/5/2024,22/7/2024,2/2/2024
1715608800,1721656800,14/5/2024,23/7/2024,3/2/2024
1715695200,1721743200,15/5/2024,24/7/2024,4/2/2024
1715781600,1721829600,16/5/2024,25/7/2024,5/2/2024
1715868000,1721916000,17/5/2024,26/7/2024,6/2/2024
1715954400,1722002400,18/5/2024,27/7/2024,7/2/2024
1716040800,1722088800,19/5/2024,28/7/2024,8/2/2024
1716127200,1722175200,20/5/2024,29/7/2024,9/2/2024
1716213600,1722261600,21/5/2024,30/7/2024,10/2/2024
1716300000,1722348000,22/5/2024,31/7/2024,11/2/2024
1716386400,1722434400,23/5/2024,1/8/2024,12/2/2024
1716472800,1722520800,24/5/2024,2/8/2024,13/2/2024
1716559200,1722607200,25/5/2024,3/8/2024,14/2/2024
1716645600,1722693600,26/5/2024,4/8/2024,14/2/2024
1716732000,1722780000,27/5/2024,5/8/2024,15/2/2024
1716818400,1722866400,28/5/2024,6/8/2024,16/2/2024
1716904800,1722952800,29/5/2024,7/8/2024,17/2/2024
1716991200,1723039200,30/5/2024,8/8/2024,18/2/2024
1717077600,1723125600,31/5/2024,9/8/2024,19/2/2024
1717164000,1723212000,1/6/2024,10/8/2024,20/2/2024
1717250400,1723298400,2/6/2024,11/8/2024,21/2/2024
1717336800,1723384800,3/6/2024,12/8/2024,22/2/2024
1717423200,1723471200,4/6/2024,13/8/2024,23/2/2024
1717509600,1723557600,5/6/2024,14/8/2024,24/2/2024
1717596000,1723644000,6/6/2024,15/8/2024,25/2/2024
1717682400,1723730400,7/6/2024,16/8/2024,26/2/2024
1717768800,1723816800,8/6/2024,17/8/2024,27/2/2024
1717855200,1723903200,9/6/2024,18/8/2024,28/2/2024
1717941600,1723989600,10/6/2024,19/8/2024,29/2/2024
1718028000,1724076000,11/6/2024,20/8/2024,1/3/2024
1718114400,1724162400,12/6/2024,21/8/2024,2/3/2024
1718200800,1724248800,13/6/2024,22/8/2024,3/3/2024
1718287200,1724335200,14/6/2024,23/8/2024,4/3/2024
1718373600,1724421600,15/6/2024,24/8/2024,5/3/2024
1718460000,1724508000,16/6/2024,25/8/2024,6/3/2024
1718546400,1724594400,17/6/2024,26/8/2024,7/3/2024
1718632800,1724680800,18/6/2024,27/8/2024,8/3/2024
1718719200,1724767200,19/6/2024,28/8/2024,9/3/2024
1718805600,1724853600,20/6/2024,29/8/2024,10/3/2024
1718892000,1724940000,21/6/2024,30/8/2024,11/3/2024
1718978400,1725026400,22/6/2024,31/8/2024,12/3/2024
1719064800,1725112800,23/6/2024,1/9/2024,13/3/2024
1719151200,1725199200,24/6/2024,2/9/2024,14/3/2024
1719237600,1725285600,25/6/2024,3/9/2024,15/3/2024
1719324000,1725372000,26/6/2024,4/9/2024,16/3/2024
1719410400,1725458400,27/6/2024,5/9/2024,17/3/2024
1719496800,1725544800,28/6/2024,6/9/2024,18/3/2024
1719583200,1725631200,29/6/2024,7/9/2024,19/3/2024
1719669600,1725717600,30/6/2024,8/9/2024,20/3/2024
1719756000,1725804000,1/7/2024,9/9/2024,21/3/2024
1719842400,1725890400,2/7/2024,10/9/2024,22/3/2024
1719928800,1725976800,3/7/2024,11/9/2024,23/3/2024
1720015200,1726063200,4/7/2024,12/9/2024,24/3/2024
1720101600,1726149600,5/7/2024,13/9/2024,25/3/2024
1720188000,1726236000,6/7/2024,14/9/2024,26/3/2024
1720274400,1726322400,7/7/2024,15/9/2024,27/3/2024
1720360800,1726408800,8/7/2024,16/9/2024,28/3/2024
1720447200,1726495200,9/7/2024,17/9/2024,29/3/2024
1720533600,1726581600,10/7/2024,18/9/2024,30/3/2024
1720620000,1726668000,11/7/2024,19/9/2024,31/3/2024
1720706400,1726754400,12/7/2024,20/9/2024,1/4/2024
1720792800,1726840800,13/7/2024,21/9/2024,2/4/2024
1720879200,1726927200,14/7/2024,22/9/2024,3/4/2024
1720965600,1727013600,15/7/2024,23/9/2024,4/4/2024
1721052000,1727100000,16/7/2024,24/9/2024,5/4/2024
1721138400,1727186400,17/7/2024,25/9/2024,6/4/2024
1721224800,1727272800,18/7/2024,26/9/2024,7/4/2024
1721311200,1727359200,19/7/2024,27/9/2024,8/4/2024
1721397600,1727445600,20/7/2024,28/9/2024,9/4/2024
1721484000,1727532000,21/7/2024,29/9/2024,10/4/2024
1721570400,1727618400,22/7/2024,30/9/2024,11/4/2024
1721656800,1727704800,23/7/2024,1/10/2024,12/4/2024
1721743200,1727791200,24/7/2024,2/10/2024,13/4/2024
1721829600,1727877600,25/7/2024,3/10/2024,14/4/2024
1721916000,1727964000,26/7/2024,4/10/2024,15/4/2024
1722002400,1728050400,27/7/2024,5/10/2024,15/4/2024
1722088800,1728136800,28/7/2024,6/10/2024,16/4/2024
1722175200,1728219600,29/7/2024,7/10/2024,17/4/2024
1722261600,1728306000,30/7/2024,8/10/2024,18/4/2024
1722348000,1728392400,31/7/2024,9/10/2024,19/4/2024
1722434400,1728478800,1/8/2024,10/10/2024,20/4/2024
1722520800,1728565200,2/8/2024,11/10/2024,21/4/2024
1722607200,1728651600,3/8/2024,12/10/2024,22/4/2024
1722693600,1728738000,4/8/2024,13/10/2024,23/4/2024
1722780000,1728824400,5/8/2024,14/10/2024,24/4/2024
1722866400,1728910800,6/8/2024,15/10/2024,25/4/2024
1722952800,1728997200,7/8/2024,16/10/2024,26/4/2024
1723039200,1729083600,8/8/2024,17/10/2024,27/4/2024
1723125600,1729170000,9/8/2024,18/10/2024,28/4/2024
1723212000,1729256400,10/8/2024,19/10/2024,29/4/2024
1723298400,1729342800,11/8/2024,20/10/2024,30/4/2024
1723384800,1729429200,12/8/2024,21/10/2024,1/5/2024
1723471200,1729515600,13/8/2024,22/10/2024,2/5/2024
1723557600,1729602000,14/8/2024,23/10/2024,3/5/2024
1723644000,1729688400,15/8/2024,24/10/2024,4/5/2024
1723730400,1729774800,16/8/2024,25/10/2024,5/5/2024
1723816800,1729861200,17/8/2024,26/10/2024,6/5/2024
1723903200,1729947600,18/8/2024,27/10/2024,7/5/2024
1723989600,1730034000,19/8/2024,28/10/2024,8/5/2024
1724076000,1730120400,20/8/2024,29/10/2024,9/5/2024
1724162400,1730206800,21/8/2024,30/10/2024,10/5/2024
1724248800,1730293200,22/8/2024,31/10/2024,11/5/2024
1724335200,1730379600,23/8/2024,1/11/2024,12/5/2024
1724421600,1730466000,24/8/2024,2/11/2024,13/5/2024
1724508000,1730552400,25/8/2024,3/11/2024,14/5/2024
1724594400,1730638800,26/8/2024,4/11/2024,15/5/2024
1724680800,1730725200,27/8/2024,5/11/2024,17/5/2024
1724767200,1730811600,28/8/2024,6/11/2024,18/5/2024
1724853600,1730898000,29/8/2024,7/11/2024,19/5/2024
1724940000,1730984400,30/8/2024,8/11/2024,20/5/2024
1725026400,1731070800,31/8/2024,9/11/2024,21/5/2024
1725112800,1731157200,1/9/2024,10/11/2024,22/5/2024
1725199200,1731243600,2/9/2024,11/11/2024,23/5/2024
1725285600,1731330000,3/9/2024,12/11/2024,24/5/2024
1725372000,1731416400,4/9/2024,13/11/2024,25/5/2024
1725458400,1731502800,5/9/2024,14/11/2024,26/5/2024
1725544800,1731589200,6/9/2024,15/11/2024,27/5/2024
1725631200,1731675600,7/9/2024,16/11/2024,28/5/2024
1725717600,1731762000,8/9/2024,17/11/2024,29/5/2024
1725804000,1731848400,9/9/2024,18/11/2024,30/5/2024
1725890400,1731934800,10/9/2024,19/11/2024,31/5/2024